Feat 1,Feat 2,Feat 3,filename,subject,emotion,priming
-3.4442043,1.8787704,19.759714,./emotion-fmri-neu/cp001_beta_anger_congruent_c0.nii.gz,1,anger,congruent
-1.0928702,2.12777,22.430738,./emotion-fmri-neu/cp001_beta_anger_incongruent_c0.nii.gz,1,anger,incongruent
-2.2760165,1.891846,23.655664,./emotion-fmri-neu/cp001_beta_anger_neutral_c0.nii.gz,1,anger,neutral
-3.0204096,1.9337895,20.234377,./emotion-fmri-neu/cp001_beta_fear_congruent_c0.nii.gz,1,fear,congruent
0.10085623,2.7117,22.843803,./emotion-fmri-neu/cp001_beta_fear_incongruent_c0.nii.gz,1,fear,incongruent
-0.95836294,0.6636745,21.970053,./emotion-fmri-neu/cp001_beta_fear_neutral_c0.nii.gz,1,fear,neutral
-1.0104367,3.3940315,21.916237,./emotion-fmri-neu/cp001_beta_disgust_congruent_c0.nii.gz,1,disgust,congruent
0.72869146,3.1410356,22.622871,./emotion-fmri-neu/cp001_beta_disgust_incongruent_c0.nii.gz,1,disgust,incongruent
-0.40989834,2.2479045,24.33261,./emotion-fmri-neu/cp001_beta_disgust_neutral_c0.nii.gz,1,disgust,neutral
20.756847,-4.4530606,10.754161,./emotion-fmri-neu/cp002_beta_anger_congruent_c0.nii.gz,2,anger,congruent
20.892262,-2.0679014,12.441962,./emotion-fmri-neu/cp002_beta_anger_incongruent_c0.nii.gz,2,anger,incongruent
17.756184,-1.1522009,13.51831,./emotion-fmri-neu/cp002_beta_anger_neutral_c0.nii.gz,2,anger,neutral
19.474684,-1.214392,10.5781145,./emotion-fmri-neu/cp002_beta_fear_congruent_c0.nii.gz,2,fear,congruent
18.988182,-1.8587204,12.245312,./emotion-fmri-neu/cp002_beta_fear_incongruent_c0.nii.gz,2,fear,incongruent
19.373198,-0.8841684,13.487174,./emotion-fmri-neu/cp002_beta_fear_neutral_c0.nii.gz,2,fear,neutral
20.876982,-4.009151,11.009402,./emotion-fmri-neu/cp002_beta_disgust_congruent_c0.nii.gz,2,disgust,congruent
19.612633,-1.6640078,12.0904455,./emotion-fmri-neu/cp002_beta_disgust_incongruent_c0.nii.gz,2,disgust,incongruent
21.90725,-1.6751499,13.2812805,./emotion-fmri-neu/cp002_beta_disgust_neutral_c0.nii.gz,2,disgust,neutral
0.98966604,9.499168,5.301173,./emotion-fmri-neu/cp003_beta_anger_congruent_c0.nii.gz,3,anger,congruent
-0.46632817,8.942651,4.226867,./emotion-fmri-neu/cp003_beta_anger_incongruent_c0.nii.gz,3,anger,incongruent
-2.0604928,9.318479,4.6051655,./emotion-fmri-neu/cp003_beta_anger_neutral_c0.nii.gz,3,anger,neutral
0.0073305843,5.1538286,6.6735907,./emotion-fmri-neu/cp003_beta_fear_congruent_c0.nii.gz,3,fear,congruent
-0.8778689,8.67319,3.1978402,./emotion-fmri-neu/cp003_beta_fear_incongruent_c0.nii.gz,3,fear,incongruent
-0.9177342,7.038969,3.0930595,./emotion-fmri-neu/cp003_beta_fear_neutral_c0.nii.gz,3,fear,neutral
-0.05304468,5.4099097,6.4446917,./emotion-fmri-neu/cp003_beta_disgust_congruent_c0.nii.gz,3,disgust,congruent
0.09652076,9.391585,3.8467994,./emotion-fmri-neu/cp003_beta_disgust_incongruent_c0.nii.gz,3,disgust,incongruent
0.8307557,10.251506,2.8379579,./emotion-fmri-neu/cp003_beta_disgust_neutral_c0.nii.gz,3,disgust,neutral
-9.21603,-14.077614,-1.9725041,./emotion-fmri-neu/cp004_beta_anger_congruent_c0.nii.gz,4,anger,congruent
-10.28366,-15.057399,-2.1361263,./emotion-fmri-neu/cp004_beta_anger_incongruent_c0.nii.gz,4,anger,incongruent
-8.369934,-14.3840065,-6.618644,./emotion-fmri-neu/cp004_beta_anger_neutral_c0.nii.gz,4,anger,neutral
-0.1487885,16.382252,-8.153287,./emotion-fmri-neu/cp004_beta_fear_congruent_c0.nii.gz,4,fear,congruent
-10.422925,-16.005135,-2.0652013,./emotion-fmri-neu/cp004_beta_fear_incongruent_c0.nii.gz,4,fear,incongruent
-1.7397921,8.970551,1.514165,./emotion-fmri-neu/cp004_beta_fear_neutral_c0.nii.gz,4,fear,neutral
-0.18621767,15.60516,-9.079513,./emotion-fmri-neu/cp004_beta_disgust_congruent_c0.nii.gz,4,disgust,congruent
-11.108469,-14.986867,-2.2833047,./emotion-fmri-neu/cp004_beta_disgust_incongruent_c0.nii.gz,4,disgust,incongruent
-8.252674,-14.415514,-6.4752965,./emotion-fmri-neu/cp004_beta_disgust_neutral_c0.nii.gz,4,disgust,neutral
10.918388,-17.296871,3.4036994,./emotion-fmri-neu/cp005_beta_anger_congruent_c0.nii.gz,5,anger,congruent
9.391855,-17.413832,1.8070204,./emotion-fmri-neu/cp005_beta_anger_incongruent_c0.nii.gz,5,anger,incongruent
7.9914217,-19.0901,1.4966289,./emotion-fmri-neu/cp005_beta_anger_neutral_c0.nii.gz,5,anger,neutral
11.439937,-16.674566,2.4924862,./emotion-fmri-neu/cp005_beta_fear_congruent_c0.nii.gz,5,fear,congruent
9.30731,-18.405746,2.2812154,./emotion-fmri-neu/cp005_beta_fear_incongruent_c0.nii.gz,5,fear,incongruent
8.787816,-18.732653,3.8482385,./emotion-fmri-neu/cp005_beta_fear_neutral_c0.nii.gz,5,fear,neutral
10.382909,-17.027819,1.4536091,./emotion-fmri-neu/cp005_beta_disgust_congruent_c0.nii.gz,5,disgust,congruent
8.278208,-16.441961,1.919721,./emotion-fmri-neu/cp005_beta_disgust_incongruent_c0.nii.gz,5,disgust,incongruent
10.147845,-19.750816,1.7761128,./emotion-fmri-neu/cp005_beta_disgust_neutral_c0.nii.gz,5,disgust,neutral
12.291901,6.121275,-7.700819,./emotion-fmri-neu/cp006_beta_anger_congruent_c0.nii.gz,6,anger,congruent
13.504498,7.7826657,-8.801595,./emotion-fmri-neu/cp006_beta_anger_incongruent_c0.nii.gz,6,anger,incongruent
14.635429,7.660499,-10.696324,./emotion-fmri-neu/cp006_beta_anger_neutral_c0.nii.gz,6,anger,neutral
11.5299015,6.6132674,-7.1813316,./emotion-fmri-neu/cp006_beta_fear_congruent_c0.nii.gz,6,fear,congruent
13.672015,8.190821,-9.603764,./emotion-fmri-neu/cp006_beta_fear_incongruent_c0.nii.gz,6,fear,incongruent
14.173616,9.390046,-8.177935,./emotion-fmri-neu/cp006_beta_fear_neutral_c0.nii.gz,6,fear,neutral
13.057542,4.903915,-8.063461,./emotion-fmri-neu/cp006_beta_disgust_congruent_c0.nii.gz,6,disgust,congruent
13.194618,6.9841084,-8.626142,./emotion-fmri-neu/cp006_beta_disgust_incongruent_c0.nii.gz,6,disgust,incongruent
13.225859,9.479614,-10.16762,./emotion-fmri-neu/cp006_beta_disgust_neutral_c0.nii.gz,6,disgust,neutral
-2.7849326,14.770363,-11.683269,./emotion-fmri-neu/cp007_beta_anger_congruent_c0.nii.gz,7,anger,congruent
-0.1384226,14.286213,-11.282622,./emotion-fmri-neu/cp007_beta_anger_incongruent_c0.nii.gz,7,anger,incongruent
-2.1935315,12.675055,-13.056621,./emotion-fmri-neu/cp007_beta_anger_neutral_c0.nii.gz,7,anger,neutral
-1.713704,15.607655,-13.374392,./emotion-fmri-neu/cp007_beta_fear_congruent_c0.nii.gz,7,fear,congruent
-1.5622618,13.938244,-12.896326,./emotion-fmri-neu/cp007_beta_fear_incongruent_c0.nii.gz,7,fear,incongruent
0.86481524,15.325957,-11.643126,./emotion-fmri-neu/cp007_beta_fear_neutral_c0.nii.gz,7,fear,neutral
1.133325,13.393035,-11.164084,./emotion-fmri-neu/cp007_beta_disgust_congruent_c0.nii.gz,7,disgust,congruent
-1.1171495,14.204158,-12.141947,./emotion-fmri-neu/cp007_beta_disgust_incongruent_c0.nii.gz,7,disgust,incongruent
-0.6316448,13.305284,-14.151862,./emotion-fmri-neu/cp007_beta_disgust_neutral_c0.nii.gz,7,disgust,neutral
1.1908602,-5.840617,-6.0850325,./emotion-fmri-neu/cp008_beta_anger_congruent_c0.nii.gz,8,anger,congruent
2.0261126,-6.1198225,-7.9189334,./emotion-fmri-neu/cp008_beta_anger_incongruent_c0.nii.gz,8,anger,incongruent
-0.29057488,12.5599785,-9.385184,./emotion-fmri-neu/cp008_beta_anger_neutral_c0.nii.gz,8,anger,neutral
-4.6809025,-9.394898,-9.627275,./emotion-fmri-neu/cp008_beta_fear_congruent_c0.nii.gz,8,fear,congruent
1.5305581,-6.157267,-7.5906577,./emotion-fmri-neu/cp008_beta_fear_incongruent_c0.nii.gz,8,fear,incongruent
-3.1885679,-8.1266775,-8.68198,./emotion-fmri-neu/cp008_beta_fear_neutral_c0.nii.gz,8,fear,neutral
-5.259307,-9.929271,-10.046735,./emotion-fmri-neu/cp008_beta_disgust_congruent_c0.nii.gz,8,disgust,congruent
-4.016435,-8.80101,-9.172607,./emotion-fmri-neu/cp008_beta_disgust_incongruent_c0.nii.gz,8,disgust,incongruent
0.49079636,-6.6383777,-8.383182,./emotion-fmri-neu/cp008_beta_disgust_neutral_c0.nii.gz,8,disgust,neutral
-8.997171,-11.458381,-19.304379,./emotion-fmri-neu/cp009_beta_anger_congruent_c0.nii.gz,9,anger,congruent
-8.507342,-14.164184,-19.489634,./emotion-fmri-neu/cp009_beta_anger_incongruent_c0.nii.gz,9,anger,incongruent
-9.726196,-15.554479,-13.80703,./emotion-fmri-neu/cp009_beta_anger_neutral_c0.nii.gz,9,anger,neutral
-9.242201,-10.668906,-18.4068,./emotion-fmri-neu/cp009_beta_fear_congruent_c0.nii.gz,9,fear,congruent
-11.473608,-149.43193,18.4341,./emotion-fmri-neu/cp009_beta_fear_incongruent_c0.nii.gz,9,fear,incongruent
-9.715782,-14.543859,-14.685267,./emotion-fmri-neu/cp009_beta_fear_neutral_c0.nii.gz,9,fear,neutral
-8.976852,-11.493617,-19.77862,./emotion-fmri-neu/cp009_beta_disgust_congruent_c0.nii.gz,9,disgust,congruent
-8.609523,-14.104716,-20.158087,./emotion-fmri-neu/cp009_beta_disgust_incongruent_c0.nii.gz,9,disgust,incongruent
-10.441945,-16.099201,-16.151884,./emotion-fmri-neu/cp009_beta_disgust_neutral_c0.nii.gz,9,disgust,neutral
-3.793458,-17.565237,9.817068,./emotion-fmri-neu/cp010_beta_anger_congruent_c0.nii.gz,10,anger,congruent
-2.968573,-19.705132,8.827192,./emotion-fmri-neu/cp010_beta_anger_incongruent_c0.nii.gz,10,anger,incongruent
-1.7031207,-18.328705,10.697669,./emotion-fmri-neu/cp010_beta_anger_neutral_c0.nii.gz,10,anger,neutral
-4.1233816,-16.55972,8.311953,./emotion-fmri-neu/cp010_beta_fear_congruent_c0.nii.gz,10,fear,congruent
-3.0526495,-18.601675,9.185081,./emotion-fmri-neu/cp010_beta_fear_incongruent_c0.nii.gz,10,fear,incongruent
-2.3216765,-19.925182,7.254021,./emotion-fmri-neu/cp010_beta_fear_neutral_c0.nii.gz,10,fear,neutral
-3.4911568,-17.632275,8.128243,./emotion-fmri-neu/cp010_beta_disgust_congruent_c0.nii.gz,10,disgust,congruent
-2.2539446,-19.727093,9.584805,./emotion-fmri-neu/cp010_beta_disgust_incongruent_c0.nii.gz,10,disgust,incongruent
-4.035029,-20.905926,8.61355,./emotion-fmri-neu/cp010_beta_disgust_neutral_c0.nii.gz,10,disgust,neutral
5.522068,16.126406,6.974642,./emotion-fmri-neu/cp011_beta_anger_congruent_c0.nii.gz,11,anger,congruent
4.302597,16.727657,4.3614087,./emotion-fmri-neu/cp011_beta_anger_incongruent_c0.nii.gz,11,anger,incongruent
3.1100652,17.759296,5.1586356,./emotion-fmri-neu/cp011_beta_anger_neutral_c0.nii.gz,11,anger,neutral
4.3018246,16.267374,2.7551653,./emotion-fmri-neu/cp011_beta_fear_congruent_c0.nii.gz,11,fear,congruent
4.1957073,16.998123,5.265651,./emotion-fmri-neu/cp011_beta_fear_incongruent_c0.nii.gz,11,fear,incongruent
-6.9900427,-0.31300735,9.961676,./emotion-fmri-neu/cp011_beta_fear_neutral_c0.nii.gz,11,fear,neutral
5.170298,16.851759,2.40758,./emotion-fmri-neu/cp011_beta_disgust_congruent_c0.nii.gz,11,disgust,congruent
4.8095536,16.56385,5.857447,./emotion-fmri-neu/cp011_beta_disgust_incongruent_c0.nii.gz,11,disgust,incongruent
-7.0392785,-0.22094736,9.819791,./emotion-fmri-neu/cp011_beta_disgust_neutral_c0.nii.gz,11,disgust,neutral
1.5739671,4.785946,-7.7315025,./emotion-fmri-neu/cp012_beta_anger_congruent_c0.nii.gz,12,anger,congruent
0.2493356,-8.558246,5.1441355,./emotion-fmri-neu/cp012_beta_anger_incongruent_c0.nii.gz,12,anger,incongruent
-0.06383136,-8.567433,3.9649932,./emotion-fmri-neu/cp012_beta_anger_neutral_c0.nii.gz,12,anger,neutral
1.3084235,10.133819,-3.9451172,./emotion-fmri-neu/cp012_beta_fear_congruent_c0.nii.gz,12,fear,congruent
1.99901,4.8224816,-8.195351,./emotion-fmri-neu/cp012_beta_fear_incongruent_c0.nii.gz,12,fear,incongruent
-0.23100646,-9.830793,5.708301,./emotion-fmri-neu/cp012_beta_fear_neutral_c0.nii.gz,12,fear,neutral
-1.0266163,4.2272015,-4.8157506,./emotion-fmri-neu/cp012_beta_disgust_congruent_c0.nii.gz,12,disgust,congruent
0.5069646,-8.234595,5.517918,./emotion-fmri-neu/cp012_beta_disgust_incongruent_c0.nii.gz,12,disgust,incongruent
2.8414667,4.881054,-9.110487,./emotion-fmri-neu/cp012_beta_disgust_neutral_c0.nii.gz,12,disgust,neutral
-14.884309,3.9218695,15.668055,./emotion-fmri-neu/cp013_beta_anger_congruent_c0.nii.gz,13,anger,congruent
-13.430196,6.4532423,17.576973,./emotion-fmri-neu/cp013_beta_anger_incongruent_c0.nii.gz,13,anger,incongruent
-16.51924,1.9204081,17.101053,./emotion-fmri-neu/cp013_beta_anger_neutral_c0.nii.gz,13,anger,neutral
-13.675039,4.386296,16.31512,./emotion-fmri-neu/cp013_beta_fear_congruent_c0.nii.gz,13,fear,congruent
-15.213823,1.9436976,17.459118,./emotion-fmri-neu/cp013_beta_fear_incongruent_c0.nii.gz,13,fear,incongruent
-14.593746,1.5307482,17.95945,./emotion-fmri-neu/cp013_beta_fear_neutral_c0.nii.gz,13,fear,neutral
-14.527903,3.6624026,16.323675,./emotion-fmri-neu/cp013_beta_disgust_congruent_c0.nii.gz,13,disgust,congruent
-13.6146965,5.973994,17.349707,./emotion-fmri-neu/cp013_beta_disgust_incongruent_c0.nii.gz,13,disgust,incongruent
-12.93881,7.509996,18.027327,./emotion-fmri-neu/cp013_beta_disgust_neutral_c0.nii.gz,13,disgust,neutral
-7.119725,21.388336,6.905457,./emotion-fmri-neu/cp014_beta_anger_congruent_c0.nii.gz,14,anger,congruent
-6.514311,22.904922,7.046043,./emotion-fmri-neu/cp014_beta_anger_incongruent_c0.nii.gz,14,anger,incongruent
-9.454658,20.473915,7.850588,./emotion-fmri-neu/cp014_beta_anger_neutral_c0.nii.gz,14,anger,neutral
-7.443873,19.318668,8.266445,./emotion-fmri-neu/cp014_beta_fear_congruent_c0.nii.gz,14,fear,congruent
-7.5365515,23.4425,7.288605,./emotion-fmri-neu/cp014_beta_fear_incongruent_c0.nii.gz,14,fear,incongruent
-5.218695,23.532087,7.496501,./emotion-fmri-neu/cp014_beta_fear_neutral_c0.nii.gz,14,fear,neutral
-7.9700847,20.255823,7.7545033,./emotion-fmri-neu/cp014_beta_disgust_congruent_c0.nii.gz,14,disgust,congruent
-7.0271254,22.706028,6.3878937,./emotion-fmri-neu/cp014_beta_disgust_incongruent_c0.nii.gz,14,disgust,incongruent
-7.7735415,22.965391,5.060273,./emotion-fmri-neu/cp014_beta_disgust_neutral_c0.nii.gz,14,disgust,neutral
-1.7110524,1.6622248,-4.0258536,./emotion-fmri-neu/cp015_beta_anger_congruent_c0.nii.gz,15,anger,congruent
-0.07102947,0.38134545,-2.8012717,./emotion-fmri-neu/cp015_beta_anger_incongruent_c0.nii.gz,15,anger,incongruent
1.4784839,0.4446804,-3.3559017,./emotion-fmri-neu/cp015_beta_anger_neutral_c0.nii.gz,15,anger,neutral
-2.3490965,1.2795852,-5.125193,./emotion-fmri-neu/cp015_beta_fear_congruent_c0.nii.gz,15,fear,congruent
-2.8771853,0.6497547,-4.2525187,./emotion-fmri-neu/cp015_beta_fear_incongruent_c0.nii.gz,15,fear,incongruent
-3.1671116,1.3119669,-2.3381474,./emotion-fmri-neu/cp015_beta_fear_neutral_c0.nii.gz,15,fear,neutral
-1.2664944,1.4062216,-3.0921454,./emotion-fmri-neu/cp015_beta_disgust_congruent_c0.nii.gz,15,disgust,congruent
-0.4090791,-0.47694644,-2.9381313,./emotion-fmri-neu/cp015_beta_disgust_incongruent_c0.nii.gz,15,disgust,incongruent
0.55906403,1.005972,-1.4776821,./emotion-fmri-neu/cp015_beta_disgust_neutral_c0.nii.gz,15,disgust,neutral
-1.7042716,8.490444,-3.8860981,./emotion-fmri-neu/cp016_beta_anger_congruent_c0.nii.gz,16,anger,congruent
-1.1919492,10.69584,-3.9737966,./emotion-fmri-neu/cp016_beta_anger_incongruent_c0.nii.gz,16,anger,incongruent
-3.5046997,9.482974,-4.6610975,./emotion-fmri-neu/cp016_beta_anger_neutral_c0.nii.gz,16,anger,neutral
-1.158243,10.358248,-5.622663,./emotion-fmri-neu/cp016_beta_fear_congruent_c0.nii.gz,16,fear,congruent
-2.0472493,9.956164,-4.071869,./emotion-fmri-neu/cp016_beta_fear_incongruent_c0.nii.gz,16,fear,incongruent
-3.2241182,11.566345,-3.5874002,./emotion-fmri-neu/cp016_beta_fear_neutral_c0.nii.gz,16,fear,neutral
0.19676515,12.295638,-5.0356364,./emotion-fmri-neu/cp016_beta_disgust_congruent_c0.nii.gz,16,disgust,congruent
-0.21705392,11.038594,-4.185033,./emotion-fmri-neu/cp016_beta_disgust_incongruent_c0.nii.gz,16,disgust,incongruent
-1.9461063,10.978092,-2.3667781,./emotion-fmri-neu/cp016_beta_disgust_neutral_c0.nii.gz,16,disgust,neutral
12.006512,-8.021094,-13.674546,./emotion-fmri-neu/cp017_beta_anger_congruent_c0.nii.gz,17,anger,congruent
13.43939,-8.122951,-13.564856,./emotion-fmri-neu/cp017_beta_anger_incongruent_c0.nii.gz,17,anger,incongruent
14.980448,-6.4331927,-14.735486,./emotion-fmri-neu/cp017_beta_anger_neutral_c0.nii.gz,17,anger,neutral
11.114361,-8.802271,-15.557266,./emotion-fmri-neu/cp017_beta_fear_congruent_c0.nii.gz,17,fear,congruent
14.000995,-7.9248495,-14.031273,./emotion-fmri-neu/cp017_beta_fear_incongruent_c0.nii.gz,17,fear,incongruent
15.998857,-7.9879274,-15.975896,./emotion-fmri-neu/cp017_beta_fear_neutral_c0.nii.gz,17,fear,neutral
11.287748,-8.89187,-16.011766,./emotion-fmri-neu/cp017_beta_disgust_congruent_c0.nii.gz,17,disgust,congruent
14.208792,-8.512127,-12.73461,./emotion-fmri-neu/cp017_beta_disgust_incongruent_c0.nii.gz,17,disgust,incongruent
15.103728,-7.661707,-15.1946125,./emotion-fmri-neu/cp017_beta_disgust_neutral_c0.nii.gz,17,disgust,neutral
23.122232,-3.4599307,-3.8536842,./emotion-fmri-neu/cp018_beta_anger_congruent_c0.nii.gz,18,anger,congruent
23.081045,-1.4104719,-2.4371955,./emotion-fmri-neu/cp018_beta_anger_incongruent_c0.nii.gz,18,anger,incongruent
22.72693,-8.175252,-2.0360293,./emotion-fmri-neu/cp018_beta_anger_neutral_c0.nii.gz,18,anger,neutral
23.155825,-2.5385427,-3.4988139,./emotion-fmri-neu/cp018_beta_fear_congruent_c0.nii.gz,18,fear,congruent
23.57529,-0.24654073,-1.9439106,./emotion-fmri-neu/cp018_beta_fear_incongruent_c0.nii.gz,18,fear,incongruent
22.85766,-6.7017136,-2.8943343,./emotion-fmri-neu/cp018_beta_fear_neutral_c0.nii.gz,18,fear,neutral
23.049868,-4.5308766,-4.033956,./emotion-fmri-neu/cp018_beta_disgust_congruent_c0.nii.gz,18,disgust,congruent
22.932816,-0.8541525,-1.8741293,./emotion-fmri-neu/cp018_beta_disgust_incongruent_c0.nii.gz,18,disgust,incongruent
22.810463,-7.2401485,-2.590907,./emotion-fmri-neu/cp018_beta_disgust_neutral_c0.nii.gz,18,disgust,neutral
-10.943119,-2.5655172,5.4123554,./emotion-fmri-neu/cp019_beta_anger_congruent_c0.nii.gz,19,anger,congruent
-9.642883,-1.3136019,3.4536686,./emotion-fmri-neu/cp019_beta_anger_incongruent_c0.nii.gz,19,anger,incongruent
-9.855391,-2.8432765,1.822129,./emotion-fmri-neu/cp019_beta_anger_neutral_c0.nii.gz,19,anger,neutral
-9.7911215,-0.43233556,4.900633,./emotion-fmri-neu/cp019_beta_fear_congruent_c0.nii.gz,19,fear,congruent
-10.345374,-2.8808994,3.3800094,./emotion-fmri-neu/cp019_beta_fear_incongruent_c0.nii.gz,19,fear,incongruent
-8.92207,-1.0206119,2.0063298,./emotion-fmri-neu/cp019_beta_fear_neutral_c0.nii.gz,19,fear,neutral
-10.18129,-0.737445,5.6110144,./emotion-fmri-neu/cp019_beta_disgust_congruent_c0.nii.gz,19,disgust,congruent
-10.582171,-3.1483839,3.913504,./emotion-fmri-neu/cp019_beta_disgust_incongruent_c0.nii.gz,19,disgust,incongruent
-12.029633,-3.0125844,2.6291537,./emotion-fmri-neu/cp019_beta_disgust_neutral_c0.nii.gz,19,disgust,neutral
-4.3796396,-11.486611,-15.0253525,./emotion-fmri-neu/cp020_beta_anger_congruent_c0.nii.gz,20,anger,congruent
-9.0956335,-3.6728516,-2.6037118,./emotion-fmri-neu/cp020_beta_anger_incongruent_c0.nii.gz,20,anger,incongruent
2.7116292,14.334149,0.670648,./emotion-fmri-neu/cp020_beta_anger_neutral_c0.nii.gz,20,anger,neutral
-4.52388,-11.585749,-13.9255495,./emotion-fmri-neu/cp020_beta_fear_congruent_c0.nii.gz,20,fear,congruent
6.16031,17.430166,1.7030576,./emotion-fmri-neu/cp020_beta_fear_incongruent_c0.nii.gz,20,fear,incongruent
2.8756025,12.753776,-1.5302577,./emotion-fmri-neu/cp020_beta_fear_neutral_c0.nii.gz,20,fear,neutral
-9.4349575,-3.3758335,-0.9525865,./emotion-fmri-neu/cp020_beta_disgust_congruent_c0.nii.gz,20,disgust,congruent
2.302703,13.190998,-0.58500063,./emotion-fmri-neu/cp020_beta_disgust_incongruent_c0.nii.gz,20,disgust,incongruent
-8.684671,-4.194866,-3.7348938,./emotion-fmri-neu/cp020_beta_disgust_neutral_c0.nii.gz,20,disgust,neutral
13.459498,8.359345,4.3317027,./emotion-fmri-neu/cp021_beta_anger_congruent_c0.nii.gz,21,anger,congruent
14.600135,7.9330807,5.0552764,./emotion-fmri-neu/cp021_beta_anger_incongruent_c0.nii.gz,21,anger,incongruent
11.108832,8.463502,3.3667202,./emotion-fmri-neu/cp021_beta_anger_neutral_c0.nii.gz,21,anger,neutral
16.404816,10.528271,4.0730195,./emotion-fmri-neu/cp021_beta_fear_congruent_c0.nii.gz,21,fear,congruent
15.41602,8.209498,5.193229,./emotion-fmri-neu/cp021_beta_fear_incongruent_c0.nii.gz,21,fear,incongruent
17.417295,9.805539,4.936589,./emotion-fmri-neu/cp021_beta_fear_neutral_c0.nii.gz,21,fear,neutral
15.9583645,10.736381,3.7640681,./emotion-fmri-neu/cp021_beta_disgust_congruent_c0.nii.gz,21,disgust,congruent
14.800957,7.1566586,5.64098,./emotion-fmri-neu/cp021_beta_disgust_incongruent_c0.nii.gz,21,disgust,incongruent
11.809468,8.437494,3.6479864,./emotion-fmri-neu/cp021_beta_disgust_neutral_c0.nii.gz,21,disgust,neutral
-10.476555,-11.705533,14.067588,./emotion-fmri-neu/cp022_beta_anger_congruent_c0.nii.gz,22,anger,congruent
-9.567989,-4.993234,3.8497062,./emotion-fmri-neu/cp022_beta_anger_incongruent_c0.nii.gz,22,anger,incongruent
-13.867958,-11.542918,11.737662,./emotion-fmri-neu/cp022_beta_anger_neutral_c0.nii.gz,22,anger,neutral
-9.115836,-6.357622,4.139829,./emotion-fmri-neu/cp022_beta_fear_congruent_c0.nii.gz,22,fear,congruent
-12.444199,-11.505143,11.185732,./emotion-fmri-neu/cp022_beta_fear_incongruent_c0.nii.gz,22,fear,incongruent
-11.598147,-13.160693,11.891632,./emotion-fmri-neu/cp022_beta_fear_neutral_c0.nii.gz,22,fear,neutral
-11.801042,-10.579444,10.034242,./emotion-fmri-neu/cp022_beta_disgust_congruent_c0.nii.gz,22,disgust,congruent
-126.86091,-16.924395,4.5473595,./emotion-fmri-neu/cp022_beta_disgust_incongruent_c0.nii.gz,22,disgust,incongruent
-11.549755,-9.868037,8.614267,./emotion-fmri-neu/cp022_beta_disgust_neutral_c0.nii.gz,22,disgust,neutral
8.998114,-5.9923444,1.8010476,./emotion-fmri-neu/cp023_beta_anger_congruent_c0.nii.gz,23,anger,congruent
8.664518,-4.159072,2.6754346,./emotion-fmri-neu/cp023_beta_anger_incongruent_c0.nii.gz,23,anger,incongruent
9.821564,-2.982684,3.4493096,./emotion-fmri-neu/cp023_beta_anger_neutral_c0.nii.gz,23,anger,neutral
8.132207,-6.1457205,1.8815132,./emotion-fmri-neu/cp023_beta_fear_congruent_c0.nii.gz,23,fear,congruent
10.046681,-5.0751486,3.077227,./emotion-fmri-neu/cp023_beta_fear_incongruent_c0.nii.gz,23,fear,incongruent
11.476895,-5.448563,2.5282247,./emotion-fmri-neu/cp023_beta_fear_neutral_c0.nii.gz,23,fear,neutral
10.212639,-5.706054,4.1741433,./emotion-fmri-neu/cp023_beta_disgust_congruent_c0.nii.gz,23,disgust,congruent
8.016359,-4.0897975,2.8201728,./emotion-fmri-neu/cp023_beta_disgust_incongruent_c0.nii.gz,23,disgust,incongruent
8.834456,-4.0563197,0.6578048,./emotion-fmri-neu/cp023_beta_disgust_neutral_c0.nii.gz,23,disgust,neutral
3.4489913,-1.1094521,-21.472778,./emotion-fmri-neu/cp024_beta_anger_congruent_c0.nii.gz,24,anger,congruent
5.8262024,0.7855452,-21.541594,./emotion-fmri-neu/cp024_beta_anger_incongruent_c0.nii.gz,24,anger,incongruent
6.280247,-1.1608716,-22.213346,./emotion-fmri-neu/cp024_beta_anger_neutral_c0.nii.gz,24,anger,neutral
2.8471198,-1.4699503,-21.151209,./emotion-fmri-neu/cp024_beta_fear_congruent_c0.nii.gz,24,fear,congruent
5.816985,0.17343009,-21.668058,./emotion-fmri-neu/cp024_beta_fear_incongruent_c0.nii.gz,24,fear,incongruent
5.890233,2.209908,-22.093132,./emotion-fmri-neu/cp024_beta_fear_neutral_c0.nii.gz,24,fear,neutral
2.717297,-0.8152113,-22.25021,./emotion-fmri-neu/cp024_beta_disgust_congruent_c0.nii.gz,24,disgust,congruent
6.477448,1.2892132,-20.441343,./emotion-fmri-neu/cp024_beta_disgust_incongruent_c0.nii.gz,24,disgust,incongruent
1.8629926,-2.2223794,-20.424688,./emotion-fmri-neu/cp024_beta_disgust_neutral_c0.nii.gz,24,disgust,neutral
4.842592,-3.9838407,15.303501,./emotion-fmri-neu/cp025_beta_anger_congruent_c0.nii.gz,25,anger,congruent
5.9906845,-2.6784863,15.315043,./emotion-fmri-neu/cp025_beta_anger_incongruent_c0.nii.gz,25,anger,incongruent
3.6363416,-3.7683065,14.513425,./emotion-fmri-neu/cp025_beta_anger_neutral_c0.nii.gz,25,anger,neutral
5.714374,-4.3905845,16.038038,./emotion-fmri-neu/cp025_beta_fear_congruent_c0.nii.gz,25,fear,congruent
6.7151904,-3.085481,15.973006,./emotion-fmri-neu/cp025_beta_fear_incongruent_c0.nii.gz,25,fear,incongruent
6.142317,-1.5043403,13.340389,./emotion-fmri-neu/cp025_beta_fear_neutral_c0.nii.gz,25,fear,neutral
6.8758163,-4.874675,17.002367,./emotion-fmri-neu/cp025_beta_disgust_congruent_c0.nii.gz,25,disgust,congruent
6.0247636,-1.8053857,14.8297615,./emotion-fmri-neu/cp025_beta_disgust_incongruent_c0.nii.gz,25,disgust,incongruent
5.943216,-0.46743354,15.442296,./emotion-fmri-neu/cp025_beta_disgust_neutral_c0.nii.gz,25,disgust,neutral
-16.876835,14.245956,-2.4293835,./emotion-fmri-neu/cp026_beta_anger_congruent_c0.nii.gz,26,anger,congruent
-14.975391,13.528842,-1.2727549,./emotion-fmri-neu/cp026_beta_anger_incongruent_c0.nii.gz,26,anger,incongruent
-15.843692,13.15531,0.94532806,./emotion-fmri-neu/cp026_beta_anger_neutral_c0.nii.gz,26,anger,neutral
-17.50557,13.524483,-2.7831903,./emotion-fmri-neu/cp026_beta_fear_congruent_c0.nii.gz,26,fear,congruent
-15.800544,13.331123,-0.4037136,./emotion-fmri-neu/cp026_beta_fear_incongruent_c0.nii.gz,26,fear,incongruent
-17.157267,12.333682,0.625899,./emotion-fmri-neu/cp026_beta_fear_neutral_c0.nii.gz,26,fear,neutral
-14.412915,15.223741,-1.7770532,./emotion-fmri-neu/cp026_beta_disgust_congruent_c0.nii.gz,26,disgust,congruent
-15.603608,13.927935,-1.572068,./emotion-fmri-neu/cp026_beta_disgust_incongruent_c0.nii.gz,26,disgust,incongruent
-13.935987,12.4151,-1.566572,./emotion-fmri-neu/cp026_beta_disgust_neutral_c0.nii.gz,26,disgust,neutral
-15.99315,-3.649234,-7.3967495,./emotion-fmri-neu/cp027_beta_anger_congruent_c0.nii.gz,27,anger,congruent
-16.67917,-4.9505863,-7.1042614,./emotion-fmri-neu/cp027_beta_anger_incongruent_c0.nii.gz,27,anger,incongruent
-19.199228,-3.889722,-5.447069,./emotion-fmri-neu/cp027_beta_anger_neutral_c0.nii.gz,27,anger,neutral
-16.890066,-5.0874095,-9.8817,./emotion-fmri-neu/cp027_beta_fear_congruent_c0.nii.gz,27,fear,congruent
-16.126837,-5.7289443,-6.867741,./emotion-fmri-neu/cp027_beta_fear_incongruent_c0.nii.gz,27,fear,incongruent
-17.844482,-4.0387793,-6.2475877,./emotion-fmri-neu/cp027_beta_fear_neutral_c0.nii.gz,27,fear,neutral
-16.82139,-4.9957,-8.827963,./emotion-fmri-neu/cp027_beta_disgust_congruent_c0.nii.gz,27,disgust,congruent
-15.279257,-5.789477,-6.4591994,./emotion-fmri-neu/cp027_beta_disgust_incongruent_c0.nii.gz,27,disgust,incongruent
-18.752655,-5.3258233,-6.233855,./emotion-fmri-neu/cp027_beta_disgust_neutral_c0.nii.gz,27,disgust,neutral
-22.954397,2.2879677,1.9549489,./emotion-fmri-neu/cp028_beta_anger_congruent_c0.nii.gz,28,anger,congruent
-25.387352,2.9702606,2.501231,./emotion-fmri-neu/cp028_beta_anger_incongruent_c0.nii.gz,28,anger,incongruent
-27.324814,2.2314935,2.952384,./emotion-fmri-neu/cp028_beta_anger_neutral_c0.nii.gz,28,anger,neutral
-22.714672,1.4579387,1.180712,./emotion-fmri-neu/cp028_beta_fear_congruent_c0.nii.gz,28,fear,congruent
-26.382483,2.7663982,3.2001595,./emotion-fmri-neu/cp028_beta_fear_incongruent_c0.nii.gz,28,fear,incongruent
-26.101568,4.159855,1.5465945,./emotion-fmri-neu/cp028_beta_fear_neutral_c0.nii.gz,28,fear,neutral
-22.49397,2.8391838,2.4926198,./emotion-fmri-neu/cp028_beta_disgust_congruent_c0.nii.gz,28,disgust,congruent
-26.295826,3.2992613,4.7047935,./emotion-fmri-neu/cp028_beta_disgust_incongruent_c0.nii.gz,28,disgust,incongruent
-27.362783,3.0192487,2.3311105,./emotion-fmri-neu/cp028_beta_disgust_neutral_c0.nii.gz,28,disgust,neutral
6.857727,-21.457958,-10.84905,./emotion-fmri-neu/cp029_beta_anger_congruent_c0.nii.gz,29,anger,congruent
2.7746277,-18.766312,-9.205998,./emotion-fmri-neu/cp029_beta_anger_incongruent_c0.nii.gz,29,anger,incongruent
0.78808224,-17.340946,-9.483085,./emotion-fmri-neu/cp029_beta_anger_neutral_c0.nii.gz,29,anger,neutral
5.8223248,-20.833612,-10.414346,./emotion-fmri-neu/cp029_beta_fear_congruent_c0.nii.gz,29,fear,congruent
1.7849365,-19.220484,-8.786939,./emotion-fmri-neu/cp029_beta_fear_incongruent_c0.nii.gz,29,fear,incongruent
4.3919277,-19.46964,-9.784712,./emotion-fmri-neu/cp029_beta_fear_neutral_c0.nii.gz,29,fear,neutral
6.055615,-21.45952,-10.535819,./emotion-fmri-neu/cp029_beta_disgust_congruent_c0.nii.gz,29,disgust,congruent
1.5628743,-18.605196,-8.948974,./emotion-fmri-neu/cp029_beta_disgust_incongruent_c0.nii.gz,29,disgust,incongruent
3.482481,-17.397518,-9.086335,./emotion-fmri-neu/cp029_beta_disgust_neutral_c0.nii.gz,29,disgust,neutral
-14.334569,0.026691316,-8.74984,./emotion-fmri-neu/cp030_beta_anger_congruent_c0.nii.gz,30,anger,congruent
-13.708969,1.3156354,-9.940861,./emotion-fmri-neu/cp030_beta_anger_incongruent_c0.nii.gz,30,anger,incongruent
-14.619817,-0.6668672,-7.1047697,./emotion-fmri-neu/cp030_beta_anger_neutral_c0.nii.gz,30,anger,neutral
-15.162225,3.0977335,-11.520039,./emotion-fmri-neu/cp030_beta_fear_congruent_c0.nii.gz,30,fear,congruent
-14.143341,2.5226345,-11.0332365,./emotion-fmri-neu/cp030_beta_fear_incongruent_c0.nii.gz,30,fear,incongruent
-11.792027,1.735614,-10.306731,./emotion-fmri-neu/cp030_beta_fear_neutral_c0.nii.gz,30,fear,neutral
-15.979352,3.447596,-11.7959795,./emotion-fmri-neu/cp030_beta_disgust_congruent_c0.nii.gz,30,disgust,congruent
-13.257733,1.6712596,-10.2643795,./emotion-fmri-neu/cp030_beta_disgust_incongruent_c0.nii.gz,30,disgust,incongruent
-15.211084,-2.03078,-7.6219945,./emotion-fmri-neu/cp030_beta_disgust_neutral_c0.nii.gz,30,disgust,neutral
